1;29/07/2016;09:40:50;2.5;4330;1433762816;837214208;66747;80027;225019669;218667189;spark par bytes
2;29/07/2016;09:40:51;2.3;4332;1433762816;837214208;66754;80038;225020951;218668231;spark par bytes
3;29/07/2016;09:40:52;0.5;4331;1433762816;837398528;66760;80048;225021799;218668962;spark par bytes
4;29/07/2016;09:40:53;1.7;4331;1433762816;837398528;66770;80064;225023784;218670587;spark par bytes
5;29/07/2016;09:40:54;0.3;4331;1433762816;837398528;66778;80078;225027092;218673658;spark par bytes
6;29/07/2016;09:40:55;1.5;4331;1433762816;837423104;66781;80089;225028236;218674032;spark par bytes
7;29/07/2016;09:40:56;1.0;4333;1433762816;837423104;66790;80105;225029912;218675347;spark par bytes
8;29/07/2016;09:40:57;0.3;4333;1433762816;837423104;66793;80112;225030558;218675721;spark par bytes
9;29/07/2016;09:40:58;6.0;4345;1433762816;837423104;66800;80123;225031466;218676498;spark par bytes
10;29/07/2016;09:40:59;0.8;4345;1433762816;837423104;66808;80136;225035065;218679797;spark par bytes
11;29/07/2016;09:41:00;14.2;4367;1433828352;837423104;66814;80146;225035913;218680528;spark par bytes
12;29/07/2016;09:41:01;42.3;4420;1433893888;837423104;66821;80158;225037438;218681570;spark par bytes
13;29/07/2016;09:41:02;41.0;4451;1440287744;837423104;66830;80170;225038810;218682886;spark par bytes
14;29/07/2016;09:41:03;39.0;4502;1454574592;837492736;67574;80916;237074627;230718398;spark par bytes
15;29/07/2016;09:41:04;52.4;4663;1520344064;837492736;71326;84679;318013487;311656642;spark par bytes
16;29/07/2016;09:41:05;36.7;4753;1520503808;837492736;73301;86663;393424529;387067054;spark par bytes
17;29/07/2016;09:41:06;18.4;4764;1520937984;837492736;73393;86766;393443997;387085492;spark par bytes
18;29/07/2016;09:41:07;3.3;4766;1520937984;869695488;73437;86827;393449450;387090270;spark par bytes
19;29/07/2016;09:41:08;10.3;4753;1520937984;946917376;73509;86915;393457984;387098227;spark par bytes
20;29/07/2016;09:41:09;3.8;4759;1520937984;946917376;73556;86983;393472615;387111903;spark par bytes
21;29/07/2016;09:41:10;5.0;4760;1520937984;946917376;73626;87072;393480855;387119342;spark par bytes
22;29/07/2016;09:41:11;6.3;4760;1520937984;946917376;73677;87139;393487546;387125386;spark par bytes
23;29/07/2016;09:41:12;1.5;4760;1520937984;983121920;73748;87229;393496036;387132974;spark par bytes
24;29/07/2016;09:41:13;2.8;4760;1520937984;1005752320;73806;87304;393504355;387140322;spark par bytes
25;29/07/2016;09:41:14;3.0;4762;1520937984;1005752320;73884;87401;393522441;387157542;spark par bytes
26;29/07/2016;09:41:15;2.0;4762;1520937984;1005752320;73927;87465;393528331;387162169;spark par bytes
27;29/07/2016;09:41:16;1.5;4765;1520937984;1005752320;73999;87553;393536518;387169823;spark par bytes
28;29/07/2016;09:41:17;1.2;4765;1520937984;1005752320;74047;87616;393542501;387175251;spark par bytes
29;29/07/2016;09:41:18;2.0;4767;1520937984;1005772800;74120;87707;393550926;387183122;spark par bytes
30;29/07/2016;09:41:19;1.5;4769;1520937984;1005772800;74166;87766;393564918;387196580;spark par bytes
31;29/07/2016;09:41:20;1.0;4769;1520937984;1005772800;74241;87856;393573629;387204818;spark par bytes
32;29/07/2016;09:41:21;2.0;4771;1520937984;1005772800;74288;87917;393579458;387210113;spark par bytes
33;29/07/2016;09:41:22;2.5;4771;1520937984;1005772800;74363;88013;393588560;387218376;spark par bytes
34;29/07/2016;09:41:23;1.0;4771;1520937984;1005772800;74413;88079;393595092;387224254;spark par bytes
35;29/07/2016;09:41:24;2.5;4771;1520937984;1005785088;74486;88170;393612167;387240670;spark par bytes
36;29/07/2016;09:41:25;0.8;4771;1520937984;1005785088;74529;88226;393617268;387245297;spark par bytes
37;29/07/2016;09:41:26;1.5;4771;1520937984;1005785088;74602;88318;393626389;387253403;spark par bytes
38;29/07/2016;09:41:27;1.0;4771;1520937984;1005785088;74645;88377;393631740;387258030;spark par bytes
39;29/07/2016;09:41:28;1.3;4771;1520937984;1005785088;74714;88464;393639722;387265486;spark par bytes
40;29/07/2016;09:41:29;2.3;4773;1520937984;1005801472;74764;88531;393654786;387279659;spark par bytes
41;29/07/2016;09:41:30;1.0;4773;1520937984;1005801472;74836;88622;393663165;387287313;spark par bytes
42;29/07/2016;09:41:31;1.0;4775;1520937984;1005801472;74883;88685;393669120;387292608;spark par bytes
43;29/07/2016;09:41:32;2.0;4777;1520937984;1005801472;74966;88786;393679420;387302288;spark par bytes
44;29/07/2016;09:41:33;1.0;4777;1520937984;1005801472;75010;88846;393684759;387306967;spark par bytes
45;29/07/2016;09:41:34;3.2;4777;1520937984;1005826048;75086;88940;393702083;387323671;spark par bytes
46;29/07/2016;09:41:35;1.5;4777;1520937984;1005838336;75132;89003;393708054;387328882;spark par bytes
47;29/07/2016;09:41:36;1.8;4777;1520937984;1005838336;75206;89096;393716650;387336754;spark par bytes
48;29/07/2016;09:41:37;0.5;4777;1520937984;1005891584;75249;89156;393722141;387341381;spark par bytes
49;29/07/2016;09:41:38;1.5;4779;1520937984;1005891584;75324;89247;393730807;387349620;spark par bytes
50;29/07/2016;09:41:39;2.3;4779;1520937984;1005944832;75380;89320;393745895;387364033;spark par bytes
51;29/07/2016;09:41:40;2.0;4779;1520937984;1005944832;75450;89407;393753977;387371471;spark par bytes
52;29/07/2016;09:41:41;1.3;4779;1520937984;1005944832;75502;89477;393760814;387377567;spark par bytes
53;29/07/2016;09:41:42;2.0;4779;1520942080;1006178304;75581;89574;393770404;387386498;spark par bytes
54;29/07/2016;09:41:43;1.0;4779;1520942080;1006178304;75626;89637;393775989;387391342;spark par bytes
55;29/07/2016;09:41:44;2.5;4779;1520942080;1006223360;75703;89732;393793725;387408413;spark par bytes
56;29/07/2016;09:41:45;1.0;4779;1520942080;1006223360;75748;89792;393799130;387413257;spark par bytes
57;29/07/2016;09:41:46;1.5;4779;1520942080;1006223360;75818;89876;393807032;387420695;spark par bytes
58;29/07/2016;09:41:47;1.3;4781;1520942080;1006366720;75866;89939;393813021;387426123;spark par bytes
59;29/07/2016;09:41:48;1.7;4781;1520942080;1006366720;75936;90026;393821109;387433561;spark par bytes
60;29/07/2016;09:41:49;2.5;4785;1520942080;1006481408;75986;90093;393835614;387447391;spark par bytes
61;29/07/2016;09:41:50;2.0;4785;1520942080;1006481408;76059;90182;393844220;387455413;spark par bytes
62;29/07/2016;09:41:51;1.3;4785;1520942080;1006481408;76108;90247;393850347;387460925;spark par bytes
63;29/07/2016;09:41:52;1.5;4785;1520942080;1006481408;76187;90347;393860125;387469856;spark par bytes
64;29/07/2016;09:41:53;1.5;4785;1520942080;1006481408;76235;90415;393866472;387475284;spark par bytes
65;29/07/2016;09:41:54;2.3;4789;1520942080;1006505984;76306;90508;393883973;387491487;spark par bytes
66;29/07/2016;09:41:55;1.5;4789;1520942080;1006505984;76351;90570;393889530;387496331;spark par bytes
67;29/07/2016;09:41:56;1.5;4789;1520942080;1006505984;76426;90662;393898400;387504570;spark par bytes
68;29/07/2016;09:41:57;0.7;4789;1520942080;1006505984;76471;90724;393903925;387509414;spark par bytes
69;29/07/2016;09:41:58;1.0;4789;1520942080;1006505984;76543;90813;393912525;387517370;spark par bytes
70;29/07/2016;09:41:59;2.0;4789;1520942080;1006518272;76589;90877;393926873;387530977;spark par bytes
71;29/07/2016;09:42:00;2.0;4789;1520942080;1006518272;76661;90965;393935067;387538632;spark par bytes
72;29/07/2016;09:42:01;1.5;4789;1520942080;1006518272;76715;91043;393942772;387544872;spark par bytes
73;29/07/2016;09:42:02;1.7;4791;1520942080;1006518272;76791;91139;393952339;387553593;spark par bytes
74;29/07/2016;09:42:03;1.0;4791;1520942080;1006518272;76838;91204;393958134;387558581;spark par bytes
75;29/07/2016;09:42:04;2.7;4795;1520942080;1006518272;76911;91294;393975479;387575290;spark par bytes
76;29/07/2016;09:42:05;1.3;4795;1520942080;1006534656;76966;91362;393982554;387581107;spark par bytes
77;29/07/2016;09:42:06;2.0;4795;1520942080;1006534656;77040;91457;393991422;387589138;spark par bytes
78;29/07/2016;09:42:07;0.8;4795;1520942080;1006534656;77088;91524;393997683;387594566;spark par bytes
79;29/07/2016;09:42:08;1.5;4795;1520942080;1006534656;77159;91613;394005963;387602155;spark par bytes
80;29/07/2016;09:42:09;1.7;4799;1520942080;1006534656;77206;91676;394020254;387615831;spark par bytes
81;29/07/2016;09:42:10;1.8;4801;1520942080;1006567424;77303;91783;394032334;387631852;spark par bytes
82;29/07/2016;09:42:11;1.3;4802;1520942080;1006567424;77353;91848;394038467;387638756;spark par bytes
83;29/07/2016;09:42:12;1.3;4804;1520942080;1006567424;77433;91942;394047877;387649079;spark par bytes
84;29/07/2016;09:42:13;1.0;4804;1520942080;1006567424;77481;92007;394054282;387654507;spark par bytes
85;29/07/2016;09:42:14;3.5;4808;1520942080;1006653440;77556;92099;394071454;387671106;spark par bytes
86;29/07/2016;09:42:15;1.7;4808;1520942080;1006653440;77601;92160;394076939;387676028;spark par bytes
87;29/07/2016;09:42:16;1.3;4808;1520942080;1006653440;77675;92254;394085877;387684123;spark par bytes
88;29/07/2016;09:42:17;1.0;4808;1520942080;1006706688;77722;92317;394091488;387689111;spark par bytes
89;29/07/2016;09:42:18;1.7;4808;1520942080;1006706688;77791;92405;394099656;387696556;spark par bytes
90;29/07/2016;09:42:19;2.0;4812;1520942080;1006768128;77843;92472;394114623;387710960;spark par bytes
91;29/07/2016;09:42:20;1.3;4812;1520942080;1006768128;77911;92556;394122493;387718254;spark par bytes
92;29/07/2016;09:42:21;1.7;4812;1520942080;1006768128;77962;92623;394128772;387723910;spark par bytes
93;29/07/2016;09:42:22;1.5;4812;1520942080;1006993408;78040;92720;394138688;387733064;spark par bytes
94;29/07/2016;09:42:23;1.3;4812;1520942080;1006993408;78087;92785;394144421;387738052;spark par bytes
95;29/07/2016;09:42:24;2.5;4814;1520942080;1007030272;78158;92877;394161611;387754329;spark par bytes
96;29/07/2016;09:42:25;1.2;4814;1520942080;1007030272;78208;92942;394167772;387759901;spark par bytes
97;29/07/2016;09:42:26;1.3;4816;1520942080;1007030272;78278;93032;394176524;387767412;spark par bytes
98;29/07/2016;09:42:27;0.8;4816;1520942080;1007030272;78325;93095;394182129;387772400;spark par bytes
99;29/07/2016;09:42:28;1.5;4816;1520942080;1007030272;78396;93184;394190709;387780278;spark par bytes
100;29/07/2016;09:42:29;2.5;4818;1520942080;1007046656;78445;93246;394204965;387794097;spark par bytes
101;29/07/2016;09:42:30;1.0;4818;1520942080;1007046656;78515;93331;394212947;387801608;spark par bytes
102;29/07/2016;09:42:31;1.5;4818;1520942080;1007046656;78569;93399;394219684;387807848;spark par bytes
103;29/07/2016;09:42:32;1.8;4818;1520942080;1007046656;78643;93491;394228924;387816352;spark par bytes
104;29/07/2016;09:42:33;1.7;4820;1520942080;1007046656;78690;93554;394234561;387821340;spark par bytes
105;29/07/2016;09:42:34;2.2;4820;1520942080;1007063040;78763;93648;394252416;387838050;spark par bytes
106;29/07/2016;09:42:35;1.8;4820;1520942080;1007063040;78810;93711;394258053;387843038;spark par bytes
107;29/07/2016;09:42:36;1.7;4820;1520942080;1007063040;78878;93798;394266135;387850332;spark par bytes
108;29/07/2016;09:42:37;0.5;4820;1520942080;1007067136;78928;93865;394272384;387855904;spark par bytes
109;29/07/2016;09:42:38;1.5;4820;1520942080;1007067136;78998;93953;394280546;387863415;spark par bytes
110;29/07/2016;09:42:39;3.3;4826;1520942080;1007091712;79056;94026;394295659;387877971;spark par bytes
111;29/07/2016;09:42:40;2.3;4826;1520942080;1007091712;79129;94114;394304225;387886066;spark par bytes
112;29/07/2016;09:42:41;1.5;4826;1520942080;1007091712;79180;94179;394310378;387891722;spark par bytes
113;29/07/2016;09:42:42;1.5;4826;1520942080;1007271936;79257;94272;394319702;387900509;spark par bytes
114;29/07/2016;09:42:43;1.5;4830;1520942080;1007271936;79308;94338;394334608;387914858;spark par bytes
115;29/07/2016;09:42:44;2.2;4830;1520942080;1007312896;79379;94425;394342702;387922421;spark par bytes
116;29/07/2016;09:42:45;1.2;4830;1520942080;1007312896;79426;94487;394348247;387927409;spark par bytes
117;29/07/2016;09:42:46;1.2;4830;1520942080;1007312896;79499;94578;394356981;387935504;spark par bytes
118;29/07/2016;09:42:47;0.5;4830;1520942080;1007312896;79546;94640;394362526;387940492;spark par bytes
119;29/07/2016;09:42:48;1.7;4832;1520942080;1007312896;79615;94723;394378893;387956637;spark par bytes
120;29/07/2016;09:42:49;2.0;4832;1520942080;1007329280;79671;94795;394385621;387962563;spark par bytes
121;29/07/2016;09:42:50;1.2;4832;1520942080;1007329280;79741;94880;394393655;387970074;spark par bytes
122;29/07/2016;09:42:51;1.0;4832;1520942080;1007329280;79791;94944;394399774;387975664;spark par bytes
123;29/07/2016;09:42:52;1.5;4834;1520942080;1007329280;79870;95038;394409538;387984969;spark par bytes
124;29/07/2016;09:42:53;3.5;4850;1520942080;1007329280;79918;95100;394423803;387998737;spark par bytes
125;29/07/2016;09:42:54;3.5;4862;1520942080;1007349760;79989;95186;394431837;388006300;spark par bytes
126;29/07/2016;09:42:55;0.8;4862;1520942080;1007349760;80040;95250;394437912;388011938;spark par bytes
127;29/07/2016;09:42:56;1.5;4862;1520942080;1007349760;80111;95345;394446506;388019515;spark par bytes
128;29/07/2016;09:42:57;1.0;4864;1520942080;1007349760;80158;95406;394451991;388024503;spark par bytes
129;29/07/2016;09:42:58;1.7;4870;1520942080;1007349760;80231;95505;394469956;388041212;spark par bytes
130;29/07/2016;09:42:59;1.8;4872;1520942080;1007362048;80278;95567;394475565;388046200;spark par bytes
131;29/07/2016;09:43:00;1.3;4872;1520942080;1007362048;80350;95658;394484159;388053799;spark par bytes
132;29/07/2016;09:43:01;0.8;4872;1520942080;1007362048;80404;95728;394491016;388060039;spark par bytes
133;29/07/2016;09:43:02;2.0;4874;1520942080;1007362048;80479;95821;394500282;388068609;spark par bytes
134;29/07/2016;09:43:04;1.5;4876;1520942080;1007362048;80528;95888;394515161;388082429;spark par bytes
135;29/07/2016;09:43:05;1.7;4876;1520942080;1007362048;80601;95979;394523948;388090524;spark par bytes
136;29/07/2016;09:43:06;1.5;4876;1520942080;1007386624;80650;96045;394529883;388095708;spark par bytes
137;29/07/2016;09:43:07;1.7;4876;1520942080;1007386624;80720;96132;394537982;388103219;spark par bytes
138;29/07/2016;09:43:08;0.8;4876;1520942080;1007386624;80770;96198;394544171;388108791;spark par bytes
139;29/07/2016;09:43:09;1.7;4876;1520942080;1007386624;80842;96286;394561033;388125134;spark par bytes
140;29/07/2016;09:43:10;1.3;4876;1520942080;1007386624;80889;96347;394566524;388130122;spark par bytes
141;29/07/2016;09:43:11;1.7;4876;1520942080;1007403008;80962;96436;394575190;388138217;spark par bytes
142;29/07/2016;09:43:12;1.5;4876;1520942080;1007403008;81013;96503;394581489;388143873;spark par bytes
143;29/07/2016;09:43:13;1.5;4876;1520942080;1007415296;81087;96595;394590979;388152377;spark par bytes
144;29/07/2016;09:43:14;1.7;4880;1520942080;1007415296;81139;96662;394605939;388166780;spark par bytes
145;29/07/2016;09:43:15;1.5;4881;1520942080;1007415296;81209;96751;394614471;388174291;spark par bytes
146;29/07/2016;09:43:16;1.5;4880;1520942080;1007435776;81256;96813;394620048;388179279;spark par bytes
147;29/07/2016;09:43:17;2.2;4880;1520942080;1007435776;81327;96906;394629463;388187157;spark par bytes
148;29/07/2016;09:43:18;1.7;4880;1520946176;1007591424;81374;96968;394635008;388192145;spark par bytes
149;29/07/2016;09:43:19;1.8;4884;1520946176;1007591424;81444;97055;394651788;388208269;spark par bytes
150;29/07/2016;09:43:20;1.0;4885;1520946176;1007591424;81494;97121;394658003;388213841;spark par bytes
151;29/07/2016;09:43:21;2.5;4885;1520946176;1007636480;81564;97210;394666259;388221352;spark par bytes
152;29/07/2016;09:43:22;1.7;4885;1520946176;1007636480;81615;97279;394672716;388227008;spark par bytes
153;29/07/2016;09:43:23;1.5;4885;1520946176;1007640576;81693;97379;394682838;388236162;spark par bytes
154;29/07/2016;09:43:24;1.5;4887;1520946176;1007640576;81742;97446;394697394;388249981;spark par bytes
155;29/07/2016;09:43:25;2.0;4886;1520946176;1007640576;81811;97530;394705298;388257426;spark par bytes
156;29/07/2016;09:43:26;2.0;4887;1520946176;1007669248;81861;97594;394711367;388262998;spark par bytes
157;29/07/2016;09:43:27;0.8;4886;1520946176;1007669248;81931;97686;394720249;388270509;spark par bytes
158;29/07/2016;09:43:28;0.5;4886;1520946176;1007669248;81977;97746;394725674;388275431;spark par bytes
159;29/07/2016;09:43:29;2.2;4889;1520946176;1007669248;82051;97839;394743442;388292290;spark par bytes
160;29/07/2016;09:43:30;0.8;4888;1520946176;1007669248;82098;97906;394749537;388297278;spark par bytes
161;29/07/2016;09:43:31;2.2;4888;1520946176;1007681536;82168;97992;394757625;388304789;spark par bytes
162;29/07/2016;09:43:32;0.8;4888;1520946176;1007681536;82222;98067;394765050;388311029;spark par bytes
163;29/07/2016;09:43:33;1.3;4888;1520946176;1007681536;82296;98159;394774434;388319533;spark par bytes
164;29/07/2016;09:43:34;1.3;4890;1520946176;1007681536;82345;98224;394789040;388333352;spark par bytes
165;29/07/2016;09:43:35;1.5;4890;1520946176;1007681536;82418;98311;394797704;388341447;spark par bytes
166;29/07/2016;09:43:36;0.8;4890;1520946176;1007681536;82465;98373;394803419;388346435;spark par bytes
167;29/07/2016;09:43:37;2.0;4890;1520946176;1007706112;82536;98463;394812041;388354012;spark par bytes
168;29/07/2016;09:43:38;1.0;4890;1520946176;1007710208;82586;98534;394818696;388359584;spark par bytes
169;29/07/2016;09:43:39;2.0;4892;1520946176;1007710208;82656;98624;394835791;388375711;spark par bytes
170;29/07/2016;09:43:40;1.0;4892;1520946176;1007710208;82712;98696;394842208;388381435;spark par bytes
171;29/07/2016;09:43:41;1.5;4892;1520946176;1007710208;82786;98789;394851144;388389596;spark par bytes
172;29/07/2016;09:43:42;1.8;4892;1520946176;1007730688;82837;98860;394857783;388395252;spark par bytes
173;29/07/2016;09:43:43;2.8;4892;1520946176;1007730688;82912;98954;394867601;388403822;spark par bytes
174;29/07/2016;09:43:44;1.5;4892;1520946176;1007730688;82964;99030;394883262;388418226;spark par bytes
175;29/07/2016;09:43:45;1.3;4892;1520946176;1007730688;83032;99118;394891558;388425520;spark par bytes
176;29/07/2016;09:43:46;1.0;4892;1520946176;1007730688;83078;99177;394896917;388430442;spark par bytes
177;29/07/2016;09:43:47;2.0;4892;1520946176;1007742976;83151;99267;394905599;388438537;spark par bytes
178;29/07/2016;09:43:48;1.0;4892;1520946176;1007812608;83199;99332;394911506;388443742;spark par bytes
179;29/07/2016;09:43:49;2.0;4894;1520946176;1007812608;83266;99414;394927865;388459520;spark par bytes
180;29/07/2016;09:43:50;1.0;4894;1520946176;1007812608;83319;99482;394934176;388465248;spark par bytes
181;29/07/2016;09:43:51;1.0;4894;1520946176;1007812608;83386;99564;394941908;388472476;spark par bytes
182;29/07/2016;09:43:52;2.2;4894;1520946176;1007894528;83438;99634;394948413;388478198;spark par bytes
183;29/07/2016;09:43:53;0.8;4894;1520946176;1008054272;83517;99737;394958990;388487503;spark par bytes
184;29/07/2016;09:43:54;1.7;4896;1520946176;1008054272;83567;99808;394974144;388501540;spark par bytes
185;29/07/2016;09:43:55;1.7;4896;1520946176;1008054272;83636;99892;394982174;388508834;spark par bytes
186;29/07/2016;09:43:56;1.3;4896;1520946176;1008054272;83688;99965;394988953;388514623;spark par bytes
187;29/07/2016;09:43:57;1.3;4896;1520946176;1008091136;83754;100047;394997162;388521700;spark par bytes
188;29/07/2016;09:43:58;1.0;4896;1520946176;1008091136;83803;100112;395003009;388526905;spark par bytes
189;29/07/2016;09:43:59;2.2;4896;1520946176;1008091136;83874;100196;395019925;388543399;spark par bytes
190;29/07/2016;09:44:00;1.3;4896;1520946176;1008091136;83923;100264;395025888;388548604;spark par bytes
191;29/07/2016;09:44:01;1.5;4896;1520946176;1008091136;83991;100350;395033901;388555900;spark par bytes
192;29/07/2016;09:44:02;1.7;4896;1520946176;1008107520;84047;100428;395041328;388562357;spark par bytes
193;29/07/2016;09:44:03;1.5;4896;1520946176;1008111616;84122;100520;395050549;388570929;spark par bytes
194;29/07/2016;09:44:04;1.7;4900;1520946176;1008111616;84172;100589;395065465;388584898;spark par bytes
195;29/07/2016;09:44:05;1.5;4900;1520946176;1008111616;84242;100672;395073656;388592712;spark par bytes
196;29/07/2016;09:44:06;0.8;4900;1520946176;1008111616;84293;100738;395079599;388598113;spark par bytes
197;29/07/2016;09:44:07;19.8;4903;1521470464;1013321728;84362;100823;395087747;388605560;spark par bytes
198;29/07/2016;09:44:08;3.3;4902;1521470464;1013321728;84411;100891;395094059;388611066;spark par bytes
199;29/07/2016;09:44:09;1.5;4901;1521470464;1013321728;84483;100982;395111135;388627412;spark par bytes
200;29/07/2016;09:44:10;1.2;4901;1521470464;1013321728;84530;101044;395116863;388632400;spark par bytes
201;29/07/2016;09:44:11;1.8;4901;1521470464;1013321728;84606;101136;395126080;388641099;spark par bytes
202;29/07/2016;09:44:12;2.5;4902;1521470464;1013657600;84651;101196;395131447;388645870;spark par bytes
203;29/07/2016;09:44:13;2.0;4902;1521470464;1013657600;84728;101291;395141373;388654659;spark par bytes
204;29/07/2016;09:44:14;2.8;4776;1521490944;1013657600;84781;101357;395156192;388669002;spark par bytes
205;29/07/2016;09:44:15;2.2;4775;1521490944;1013657600;84851;101440;395164043;388676515;spark par bytes
206;29/07/2016;09:44:16;1.5;4783;1521490944;1013657600;84896;101498;395169290;388681286;spark par bytes
207;29/07/2016;09:44:17;2.5;4783;1521490944;1013702656;84966;101585;395177733;388689100;spark par bytes
208;29/07/2016;09:44:18;1.0;4783;1521490944;1013702656;85011;101646;395183450;388693871;spark par bytes
209;29/07/2016;09:44:19;1.5;4784;1521490944;1013735424;85081;101735;395200460;388709994;spark par bytes
210;29/07/2016;09:44:20;1.0;4784;1521490944;1013735424;85130;101797;395206383;388715456;spark par bytes
211;29/07/2016;09:44:21;2.0;4784;1521490944;1013735424;85199;101881;395214652;388723222;spark par bytes
212;29/07/2016;09:44:22;3.2;4784;1521490944;1013784576;85243;101940;395219953;388727927;spark par bytes
213;29/07/2016;09:44:23;3.0;4784;1521490944;1013846016;85320;102031;395229109;388736712;spark par bytes
214;29/07/2016;09:44:24;1.3;4784;1521490944;1013846016;85367;102092;395243243;388750310;spark par bytes
215;29/07/2016;09:44:25;1.2;4784;1521490944;1013846016;85437;102175;395251094;388757823;spark par bytes
216;29/07/2016;09:44:26;1.3;4792;1521490944;1013846016;85487;102240;395257505;388763395;spark par bytes
217;29/07/2016;09:44:27;1.0;4792;1521490944;1013866496;85555;102327;395265584;388770691;spark par bytes
218;29/07/2016;09:44:28;1.2;4792;1521490944;1014116352;85600;102388;395271090;388775462;spark par bytes
219;29/07/2016;09:44:29;1.8;4792;1521490944;1014116352;85670;102476;395288112;388792021;spark par bytes
220;29/07/2016;09:44:30;1.2;4792;1521490944;1014116352;85722;102544;395294381;388797230;spark par bytes
221;29/07/2016;09:44:31;1.0;4792;1521490944;1014116352;85794;102632;395302908;388805194;spark par bytes
222;29/07/2016;09:44:32;0.8;4792;1521490944;1014116352;85842;102695;395308859;388810549;spark par bytes
223;29/07/2016;09:44:33;2.0;4792;1521490944;1014177792;85915;102783;395317431;388818663;spark par bytes
224;29/07/2016;09:44:34;2.3;4792;1521490944;1014177792;85962;102842;395331450;388832266;spark par bytes
225;29/07/2016;09:44:35;2.0;4792;1521490944;1014177792;86031;102924;395339541;388839929;spark par bytes
226;29/07/2016;09:44:36;0.8;4792;1521490944;1014177792;86076;102983;395344848;388844700;spark par bytes
227;29/07/2016;09:44:37;0.8;4792;1521490944;1014177792;86144;103070;395352893;388851996;spark par bytes
228;29/07/2016;09:44:38;1.5;4792;1521490944;1014198272;86192;103134;395358904;388857351;spark par bytes
229;29/07/2016;09:44:39;1.7;4792;1521490944;1014198272;86261;103220;395375594;388873412;spark par bytes
230;29/07/2016;09:44:40;1.3;4792;1521490944;1014198272;86315;103286;395381517;388878919;spark par bytes
231;29/07/2016;09:44:41;2.0;4792;1521490944;1014198272;86388;103376;395390522;388887250;spark par bytes
232;29/07/2016;09:44:42;6.0;4795;1521490944;1014198272;86433;103436;395395916;388892021;spark par bytes
233;29/07/2016;09:44:43;5.5;4793;1521490944;1014218752;86504;103527;395404906;388899918;spark par bytes
234;29/07/2016;09:44:44;8.6;4808;1521515520;1014218752;86586;103624;395427341;388924452;spark par bytes
235;29/07/2016;09:44:45;37.3;4850;1521806336;1014398976;86737;103808;395530252;388959377;spark par bytes
236;29/07/2016;09:44:46;9.4;4851;1521806336;1014398976;86789;103877;395537099;388967618;spark par bytes
237;29/07/2016;09:44:47;17.9;4868;1521859584;1014398976;86943;104077;395658301;388989784;spark par bytes
238;29/07/2016;09:44:48;19.1;4910;1522007040;1014398976;87134;104336;395911164;389006334;spark par bytes
239;29/07/2016;09:44:49;5.5;4911;1522007040;1014398976;87227;104434;395929295;389037622;spark par bytes
240;29/07/2016;09:44:50;54.8;4860;1522473984;1019330560;87343;104559;395974585;389082470;spark par bytes
241;29/07/2016;09:44:51;43.8;4951;1524583424;1019334656;87659;104890;404105603;397214307;spark par bytes
242;29/07/2016;09:44:52;16.5;4918;1524591616;1019334656;87714;104957;404112374;397223336;spark par bytes
243;29/07/2016;09:44:53;11.4;4912;1524595712;1019334656;87794;105059;404124927;397234974;spark par bytes
244;29/07/2016;09:44:54;19.7;4929;1524886528;1019334656;87862;105140;404152648;397262217;spark par bytes
245;29/07/2016;09:44:55;11.9;4939;1525021696;1019334656;87976;105266;404192461;397300937;spark par bytes
246;29/07/2016;09:44:56;2.3;4941;1525021696;1019539456;87983;105277;404193719;397301965;spark par bytes
247;29/07/2016;09:44:57;4.7;4942;1525021696;1019568128;87997;105299;404199034;397306915;spark par bytes
248;29/07/2016;09:44:58;0.7;4940;1525021696;1019568128;88001;105310;404199928;397307359;spark par bytes
249;29/07/2016;09:44:59;1.8;4941;1525021696;1019568128;88011;105328;404203936;397310943;spark par bytes
250;29/07/2016;09:45:00;5.7;4943;1525021696;1019760640;88024;105343;404208835;397315674;spark par bytes
251;29/07/2016;09:45:01;0.5;4942;1525021696;1019760640;88033;105356;404210317;397317004;spark par bytes
252;29/07/2016;09:45:02;0.7;4942;1525021696;1019863040;88040;105366;404211515;397318032;spark par bytes
253;29/07/2016;09:45:03;3.5;4945;1525021696;1019863040;88058;105389;404217317;397323648;spark par bytes
254;29/07/2016;09:45:04;1.0;4942;1525021696;1019863040;88065;105397;404220211;397326478;spark par bytes
255;29/07/2016;09:45:05;1.7;4942;1525021696;1019940864;88073;105410;404221643;397327724;spark par bytes
256;29/07/2016;09:45:06;4.8;4935;1525021696;1019940864;88086;105426;404226544;397332455;spark par bytes
257;29/07/2016;09:45:07;0.5;4934;1525021696;1020354560;88091;105438;404227512;397333117;spark par bytes
258;29/07/2016;09:45:08;1.8;4933;1525021696;1020440576;88098;105449;404228787;397334145;spark par bytes
259;29/07/2016;09:45:09;5.3;4935;1525021696;1020440576;88114;105471;404236350;397341436;spark par bytes
260;29/07/2016;09:45:10;0.5;4934;1525021696;1020440576;88119;105479;404237056;397341946;spark par bytes
261;29/07/2016;09:45:11;1.7;4936;1525021696;1020514304;88131;105501;404239778;397343860;spark par bytes
262;29/07/2016;09:45:12;4.0;4937;1525021696;1020514304;88144;105519;404244863;397348591;spark par bytes
263;29/07/2016;09:45:13;0.3;4937;1525021696;1020514304;88153;105535;404247076;397349920;spark par bytes
264;29/07/2016;09:45:14;4.5;4937;1525021696;1020641280;88162;105553;404251268;397353283;spark par bytes
265;29/07/2016;09:45:15;6.0;4939;1525021696;1020747776;88176;105574;404256591;397358232;spark par bytes
266;29/07/2016;09:45:16;0.8;4932;1525021696;1020747776;88180;105585;404257545;397358676;spark par bytes
267;29/07/2016;09:45:17;0.5;4932;1525021696;1021739008;88188;105601;404259189;397359922;spark par bytes
268;29/07/2016;09:45:18;4.0;4933;1525021696;1021739008;88201;105618;404264432;397364653;spark par bytes
269;29/07/2016;09:45:19;2.0;4932;1525021696;1021890560;88208;105630;404267798;397367650;spark par bytes
270;29/07/2016;09:45:20;0.0;4929;1525021696;1021890560;88215;105642;404269116;397368678;spark par bytes
271;29/07/2016;09:45:21;4.3;4929;1525021696;1021890560;88233;105669;404275159;397374295;spark par bytes
272;29/07/2016;09:45:22;3.8;4928;1525021696;1030610944;88237;105678;404275893;397374739;spark par bytes
273;29/07/2016;09:45:23;3.5;4928;1525029888;1056964608;88249;105697;404278112;397376652;spark par bytes
274;29/07/2016;09:45:24;4.3;4930;1525029888;1056964608;88264;105719;404285917;397383725;spark par bytes
275;29/07/2016;09:45:25;1.7;4929;1525029888;1057116160;88269;105728;404286737;397384388;spark par bytes
276;29/07/2016;09:45:26;0.3;4929;1525029888;1057116160;88276;105741;404288612;397385416;spark par bytes
277;29/07/2016;09:45:27;2.8;4931;1525029888;1057116160;88290;105761;404293807;397390366;spark par bytes
278;29/07/2016;09:45:28;3.7;4931;1525029888;1057202176;88294;105766;404294301;397390810;spark par bytes
279;29/07/2016;09:45:29;5.0;4933;1525029888;1057202176;88304;105778;404297893;397394397;spark par bytes
280;29/07/2016;09:45:30;5.3;4934;1525029888;1057202176;88318;105793;404302740;397399194;spark par bytes
281;29/07/2016;09:45:31;2.3;4926;1525029888;1057202176;88327;105806;404304196;397400525;spark par bytes
