1;29/07/2016;09:31:05;1.0;3221;793594880;111562752;8149;15546;3373528;1165258;spark par bytes
2;29/07/2016;09:31:06;5.3;3222;793594880;111562752;8153;15555;3374302;1165702;spark par bytes
3;29/07/2016;09:31:07;1.0;3222;793594880;111562752;8159;15569;3375710;1166423;spark par bytes
4;29/07/2016;09:31:08;2.3;3222;793594880;111562752;8166;15579;3376940;1167451;spark par bytes
5;29/07/2016;09:31:09;5.5;3223;793594880;111562752;8171;15590;3377848;1168106;spark par bytes
6;29/07/2016;09:31:10;1.3;3223;793594880;111603712;8178;15601;3380152;1170180;spark par bytes
7;29/07/2016;09:31:11;11.6;3223;793594880;111603712;8189;15619;3383381;1173049;spark par bytes
8;29/07/2016;09:31:12;3.5;3223;793594880;111603712;8193;15626;3383995;1173493;spark par bytes
9;29/07/2016;09:31:13;1.0;3223;793594880;111603712;8198;15635;3385079;1174149;spark par bytes
10;29/07/2016;09:31:14;6.5;3224;793594880;111603712;8205;15644;3386217;1175177;spark par bytes
11;29/07/2016;09:31:15;0.8;3224;793594880;111603712;8210;15655;3387125;1175832;spark par bytes
12;29/07/2016;09:31:16;1.5;3224;793594880;111620096;8214;15662;3387739;1176276;spark par bytes
13;29/07/2016;09:31:17;1.3;3223;793594880;111620096;8223;15678;3389375;1177581;spark par bytes
14;29/07/2016;09:31:18;1.2;3223;793594880;111620096;8227;15686;3390094;1178025;spark par bytes
15;29/07/2016;09:31:19;0.5;3223;793594880;111620096;8232;15695;3390882;1178680;spark par bytes
16;29/07/2016;09:31:20;0.7;3223;793594880;111620096;8239;15706;3392140;1179708;spark par bytes
17;29/07/2016;09:31:21;1.5;3223;793594880;111628288;8244;15715;3392928;1180363;spark par bytes
18;29/07/2016;09:31:22;0.7;3223;793594880;111628288;8248;15722;3393542;1180807;spark par bytes
19;29/07/2016;09:31:23;2.2;3223;793594880;111665152;8256;15735;3394982;1182046;spark par bytes
20;29/07/2016;09:31:24;0.8;3222;793594880;111665152;8260;15743;3395720;1182490;spark par bytes
21;29/07/2016;09:31:25;1.7;3222;793594880;111665152;8268;15759;3398410;1184775;spark par bytes
22;29/07/2016;09:31:26;1.3;3222;793594880;111759360;8278;15772;3401238;1187433;spark par bytes
23;29/07/2016;09:31:27;1.0;3222;793594880;111759360;8284;15787;3402438;1188154;spark par bytes
24;29/07/2016;09:31:28;2.2;3222;793594880;111804416;8288;15794;3403334;1188598;spark par bytes
25;29/07/2016;09:31:29;0.5;3222;793594880;111804416;8296;15807;3404766;1189837;spark par bytes
26;29/07/2016;09:31:30;0.3;3222;793594880;111804416;8300;15815;3405440;1190281;spark par bytes
27;29/07/2016;09:31:31;0.5;3222;793594880;111882240;8305;15824;3406228;1190936;spark par bytes
28;29/07/2016;09:31:32;1.0;3222;793594880;111882240;8315;15843;3408100;1192287;spark par bytes
29;29/07/2016;09:31:33;0.5;3222;793594880;111882240;8318;15850;3408778;1192661;spark par bytes
30;29/07/2016;09:31:34;1.2;3222;793594880;111898624;8324;15862;3409810;1193386;spark par bytes
31;29/07/2016;09:31:35;1.0;3222;793594880;111910912;8330;15872;3411008;1194344;spark par bytes
32;29/07/2016;09:31:36;0.3;3222;793594880;111915008;8338;15885;3412088;1195201;spark par bytes
33;29/07/2016;09:31:37;0.5;3222;793594880;111915008;8341;15898;3413120;1195575;spark par bytes
34;29/07/2016;09:31:38;0.5;3222;793594880;111915008;8350;15914;3414773;1196884;spark par bytes
35;29/07/2016;09:31:39;1.0;3222;793594880;111915008;8362;15931;3416215;1197994;spark par bytes
36;29/07/2016;09:31:40;1.3;3223;793594880;111968256;8371;15944;3418693;1200349;spark par bytes
37;29/07/2016;09:31:41;0.7;3223;793594880;111968256;8380;15955;3421401;1202937;spark par bytes
38;29/07/2016;09:31:42;0.5;3223;793594880;111968256;8386;15963;3422129;1203662;spark par bytes
39;29/07/2016;09:31:43;15.0;3248;793721856;112001024;8389;15969;3422683;1204036;spark par bytes
40;29/07/2016;09:31:44;29.3;3298;802393088;112001024;8398;15982;3424115;1205346;spark par bytes
41;29/07/2016;09:31:45;44.3;3339;802630656;112005120;8401;15991;3424849;1205720;spark par bytes
42;29/07/2016;09:31:46;36.0;3404;807001088;112005120;8407;16001;3425697;1206446;spark par bytes
43;29/07/2016;09:31:47;40.1;3505;837155840;112091136;8419;16015;3427334;1207982;spark par bytes
44;29/07/2016;09:31:48;29.0;3758;902261760;112091136;8457;16057;3444020;1224546;spark par bytes
45;29/07/2016;09:31:49;93.2;3882;905300992;112091136;8477;16079;3455254;1235660;spark par bytes
46;29/07/2016;09:31:50;91.7;3964;907213824;112091136;8486;16092;3456686;1236970;spark par bytes
47;29/07/2016;09:31:51;72.0;4174;907348992;112091136;8529;16137;3466094;1246258;spark par bytes
48;29/07/2016;09:31:52;70.3;4446;907348992;112320512;8581;16193;3477523;1257565;spark par bytes
49;29/07/2016;09:31:53;94.5;4863;907942912;121126912;12789;20405;160770841;158550643;spark par bytes
50;29/07/2016;09:31:54;60.3;4896;907971584;193482752;13902;21526;203941428;201720583;spark par bytes
51;29/07/2016;09:31:55;51.6;4918;907987968;307081216;13908;21539;203943916;201722587;spark par bytes
52;29/07/2016;09:31:56;58.4;5098;908020736;405491712;13920;21556;203947070;201725532;spark par bytes
53;29/07/2016;09:31:57;75.6;5201;908917760;413511680;14233;21874;204272265;202050427;spark par bytes
54;29/07/2016;09:31:58;90.5;5317;909577216;413511680;14778;22422;204694753;202472858;spark par bytes
55;29/07/2016;09:31:59;38.2;5348;910720000;413511680;14871;22510;204729629;202505863;spark par bytes
56;29/07/2016;09:32:00;11.8;5355;910740480;413511680;14984;22635;204756266;202531653;spark par bytes
57;29/07/2016;09:32:01;29.6;5382;910797824;413511680;15210;22873;204827037;202602034;spark par bytes
58;29/07/2016;09:32:02;48.6;5525;910797824;413999104;15573;23250;204948249;202722621;spark par bytes
59;29/07/2016;09:32:03;29.4;5518;910797824;413999104;16006;23703;205093312;202866074;spark par bytes
60;29/07/2016;09:32:04;19.8;5516;910797824;413999104;16334;24046;205206450;202978549;spark par bytes
61;29/07/2016;09:32:05;22.6;5516;910797824;413999104;16671;24401;205319124;203090069;spark par bytes
62;29/07/2016;09:32:06;29.2;5518;910801920;508579840;16982;24727;205422138;203192407;spark par bytes
63;29/07/2016;09:32:07;19.4;5521;910801920;523907072;17293;25058;205524557;203293621;spark par bytes
64;29/07/2016;09:32:08;19.3;5518;910801920;523907072;17579;25360;205619178;203387507;spark par bytes
65;29/07/2016;09:32:09;21.3;5517;910801920;523907072;17901;25698;205725486;203492831;spark par bytes
66;29/07/2016;09:32:10;18.7;5518;910801920;523907072;18181;25994;205820846;203587455;spark par bytes
67;29/07/2016;09:32:11;25.6;5521;910801920;553123840;18498;26328;205928844;203694408;spark par bytes
68;29/07/2016;09:32:12;34.3;5521;910806016;616644608;18784;26630;206024468;203789297;spark par bytes
69;29/07/2016;09:32:13;20.9;5523;910806016;616644608;19104;26968;206131102;203894531;spark par bytes
70;29/07/2016;09:32:14;17.9;5522;910806016;616779776;19388;27266;206225518;203988331;spark par bytes
71;29/07/2016;09:32:15;22.4;5522;910806016;616779776;19711;27608;206333321;204094957;spark par bytes
72;29/07/2016;09:32:16;17.5;5524;910806016;616779776;20000;27913;206430046;204190947;spark par bytes
73;29/07/2016;09:32:17;19.3;5525;910806016;616779776;20326;28257;206539906;204299703;spark par bytes
74;29/07/2016;09:32:18;13.8;5524;910806016;616779776;20611;28557;206634004;204393125;spark par bytes
75;29/07/2016;09:32:19;23.2;5536;910806016;616902656;20928;28891;206740076;204498147;spark par bytes
76;29/07/2016;09:32:20;12.5;5536;910806016;616902656;21212;29197;206834996;204591931;spark par bytes
77;29/07/2016;09:32:21;49.1;5557;910806016;616902656;22307;30312;207157247;204912887;spark par bytes
78;29/07/2016;09:32:22;14.6;5557;910806016;616902656;22586;30610;207251303;205005996;spark par bytes
79;29/07/2016;09:32:23;16.4;5559;910806016;616902656;22910;30954;207358403;205111859;spark par bytes
80;29/07/2016;09:32:24;14.7;5553;910806016;616972288;23191;31251;207452408;205205155;spark par bytes
81;29/07/2016;09:32:25;23.1;5558;910806016;616972288;23515;31592;207560354;205312057;spark par bytes
82;29/07/2016;09:32:26;15.2;5562;910806016;616972288;23810;31901;207659172;205410259;spark par bytes
83;29/07/2016;09:32:27;14.4;5563;910806016;616972288;24143;32250;207767891;205517717;spark par bytes
84;29/07/2016;09:32:28;12.7;5559;910806016;616972288;24419;32540;207861467;205610673;spark par bytes
85;29/07/2016;09:32:29;16.6;5559;910806016;617033728;24741;32882;207968539;205716440;spark par bytes
86;29/07/2016;09:32:30;14.1;5558;910806016;617033728;25022;33180;208062600;205809642;spark par bytes
87;29/07/2016;09:32:31;25.9;5573;910806016;617033728;25338;33519;208169086;205914654;spark par bytes
88;29/07/2016;09:32:32;14.7;5574;910806016;617033728;25624;33821;208263724;206008556;spark par bytes
89;29/07/2016;09:32:33;15.1;5574;910806016;617033728;25943;34157;208369952;206113719;spark par bytes
90;29/07/2016;09:32:34;14.0;5566;910806016;617103360;26243;34475;208470273;206213105;spark par bytes
91;29/07/2016;09:32:35;16.7;5566;910806016;617115648;26578;34830;208587844;206329485;spark par bytes
92;29/07/2016;09:32:36;14.5;5568;910806016;617115648;26908;35176;208697345;206438239;spark par bytes
93;29/07/2016;09:32:37;15.6;5569;910806016;617406464;27238;35523;208815613;206555463;spark par bytes
94;29/07/2016;09:32:38;12.5;5569;910806016;617406464;27563;35863;208922831;206662025;spark par bytes
95;29/07/2016;09:32:39;16.6;5571;910806016;617541632;27903;36222;209040455;206778476;spark par bytes
96;29/07/2016;09:32:40;53.4;5585;910806016;617541632;29024;37362;209369732;207106848;spark par bytes
97;29/07/2016;09:32:41;20.0;5586;910806016;617541632;29354;37710;209488415;207224427;spark par bytes
98;29/07/2016;09:32:42;12.1;5589;910806016;617594880;29677;38050;209595221;207330457;spark par bytes
99;29/07/2016;09:32:43;15.9;5592;910806016;617594880;29999;38388;209711482;207445733;spark par bytes
100;29/07/2016;09:32:44;14.4;5592;910806016;617684992;30321;38725;209818531;207552127;spark par bytes
101;29/07/2016;09:32:45;24.2;5704;910806016;617684992;30651;39072;209939030;207671481;spark par bytes
102;29/07/2016;09:32:46;13.2;5703;910806016;617684992;30976;39412;210048178;207779973;spark par bytes
103;29/07/2016;09:32:47;14.2;5703;910806016;618065920;31312;39762;210167007;207897949;spark par bytes
104;29/07/2016;09:32:48;12.8;5704;910806016;618065920;31633;40098;210274817;208005104;spark par bytes
105;29/07/2016;09:32:49;15.1;5704;910806016;618135552;31964;40446;210391613;208120855;spark par bytes
106;29/07/2016;09:32:50;13.3;5704;910806016;618135552;32293;40794;210499275;208227622;spark par bytes
107;29/07/2016;09:32:51;15.1;5703;910806016;618135552;32622;41146;210616328;208343271;spark par bytes
108;29/07/2016;09:32:52;14.4;5703;910806016;618192896;32948;41494;210723639;208449466;spark par bytes
109;29/07/2016;09:32:53;18.4;5703;910806016;618192896;33279;41844;210841030;208565628;spark par bytes
110;29/07/2016;09:32:54;13.9;5703;910806016;618283008;33606;42186;210947934;208671877;spark par bytes
111;29/07/2016;09:32:55;15.7;5703;910806016;618283008;33936;42532;211066081;208789039;spark par bytes
112;29/07/2016;09:32:56;14.5;5703;910806016;618283008;34272;42883;211177724;208900027;spark par bytes
113;29/07/2016;09:32:57;19.0;5703;910806016;618684416;34578;43204;211289539;209010923;spark par bytes
114;29/07/2016;09:32:58;10.8;5703;910806016;618684416;34868;43509;211379947;209100676;spark par bytes
115;29/07/2016;09:32:59;44.2;5710;910806016;618790912;35947;44605;211704280;209423437;spark par bytes
116;29/07/2016;09:33:00;13.5;5710;910806016;618790912;36244;44925;211797506;209515207;spark par bytes
117;29/07/2016;09:33:01;20.0;5714;910806016;618790912;36530;45230;211901567;209618070;spark par bytes
118;29/07/2016;09:33:02;13.5;5714;910806016;618790912;36826;45544;211992928;209708565;spark par bytes
119;29/07/2016;09:33:03;12.4;5714;910806016;618790912;37116;45851;212097055;209811641;spark par bytes
120;29/07/2016;09:33:04;13.9;5711;910806016;618860544;37407;46157;212187529;209901460;spark par bytes
121;29/07/2016;09:33:05;12.3;5711;910806016;618860544;37695;46463;212292056;210004869;spark par bytes
122;29/07/2016;09:33:06;11.6;5718;910806016;618860544;37995;46777;212385297;210097516;spark par bytes
123;29/07/2016;09:33:07;13.0;5717;910806016;619220992;38287;47085;212491025;210202265;spark par bytes
124;29/07/2016;09:33:08;10.3;5717;910806016;619220992;38584;47398;212582299;210292824;spark par bytes
125;29/07/2016;09:33:09;14.4;5716;910806016;619311104;38870;47703;212686354;210395701;spark par bytes
126;29/07/2016;09:33:10;24.6;5718;910806016;619311104;39194;48041;212789474;210493652;spark par bytes
127;29/07/2016;09:33:11;12.4;5717;910806016;619311104;39486;48351;212895270;210597500;spark par bytes
128;29/07/2016;09:33:12;14.2;5717;910806016;619597824;39801;48682;212990148;210691663;spark par bytes
129;29/07/2016;09:33:13;13.6;5720;910806016;619597824;40073;48970;213090463;210790702;spark par bytes
130;29/07/2016;09:33:14;13.3;5719;910806016;619868160;40394;49307;213188152;210887677;spark par bytes
131;29/07/2016;09:33:15;14.6;5722;910806016;619868160;40655;49586;213285768;210984086;spark par bytes
132;29/07/2016;09:33:16;12.0;5722;910806016;619868160;40982;49929;213386141;211083745;spark par bytes
133;29/07/2016;09:33:17;13.9;5721;910806016;619868160;41251;50214;213485642;211182090;spark par bytes
134;29/07/2016;09:33:18;20.6;5846;910806016;619868160;41566;50547;213582736;211278309;spark par bytes
135;29/07/2016;09:33:19;35.9;5848;910806016;619929600;42619;51616;213897513;211592028;spark par bytes
136;29/07/2016;09:33:20;12.9;5848;910806016;619929600;42964;51979;214010716;211704397;spark par bytes
137;29/07/2016;09:33:21;15.5;5848;910806016;619929600;43266;52300;214120947;211813450;spark par bytes
138;29/07/2016;09:33:22;14.1;5848;910806016;620474368;43615;52667;214234772;211926441;spark par bytes
139;29/07/2016;09:33:23;11.9;5848;910806016;620474368;43918;52985;214344811;212035566;spark par bytes
140;29/07/2016;09:33:24;13.2;5847;910806016;620548096;44270;53354;214458322;212148285;spark par bytes
141;29/07/2016;09:33:25;14.4;5847;910806016;620548096;44581;53684;214570913;212259693;spark par bytes
142;29/07/2016;09:33:26;12.6;5847;910806016;620548096;44934;54058;214688637;212376322;spark par bytes
143;29/07/2016;09:33:27;14.2;5848;910806016;620548096;45245;54387;214801169;212487409;spark par bytes
144;29/07/2016;09:33:28;26.5;5890;910806016;620548096;45949;55109;215012737;212698078;spark par bytes
145;29/07/2016;09:33:29;12.4;5889;910806016;620613632;46251;55433;215123186;212807144;spark par bytes
146;29/07/2016;09:33:30;12.0;5889;910806016;620613632;46591;55790;215236068;212919251;spark par bytes
147;29/07/2016;09:33:31;13.6;5891;910806016;620613632;46900;56116;215346991;213029095;spark par bytes
148;29/07/2016;09:33:32;13.0;5894;910806016;620613632;47244;56477;215460085;213141382;spark par bytes
149;29/07/2016;09:33:33;12.1;5894;910806016;620613632;47549;56797;215570246;213250591;spark par bytes
150;29/07/2016;09:33:34;12.9;5894;910806016;620642304;47877;57144;215678195;213357324;spark par bytes
151;29/07/2016;09:33:35;12.3;5898;910806016;620736512;48196;57482;215784258;213462142;spark par bytes
152;29/07/2016;09:33:36;23.7;5897;910806016;620744704;48895;58199;216001068;213678139;spark par bytes
153;29/07/2016;09:33:37;11.6;5897;910806016;620744704;49236;58558;216115578;213791497;spark par bytes
154;29/07/2016;09:33:38;12.2;5897;910806016;620744704;49556;58895;216227064;213902261;spark par bytes
155;29/07/2016;09:33:39;14.6;5898;910806016;620744704;49899;59255;216339920;214014019;spark par bytes
156;29/07/2016;09:33:40;13.1;5898;910806016;620830720;50225;59597;216453574;214127011;spark par bytes
157;29/07/2016;09:33:41;13.1;5897;910806016;620830720;50560;59947;216567085;214239556;spark par bytes
158;29/07/2016;09:33:42;12.1;5897;910806016;620830720;50879;60281;216678413;214350282;spark par bytes
159;29/07/2016;09:33:43;12.7;5897;910806016;620830720;51218;60632;216790832;214461895;spark par bytes
160;29/07/2016;09:33:44;14.2;5897;910806016;620830720;51512;60947;216896788;214566205;spark par bytes
161;29/07/2016;09:33:45;11.8;5906;910806016;620855296;51810;61278;216993800;214660779;spark par bytes
162;29/07/2016;09:33:46;21.1;5907;910806016;620855296;52464;61957;217197400;214862931;spark par bytes
163;29/07/2016;09:33:47;10.2;5907;910806016;620855296;52779;62296;217296097;214959950;spark par bytes
164;29/07/2016;09:33:48;12.5;5907;910810112;620855296;53061;62604;217396279;215058212;spark par bytes
165;29/07/2016;09:33:49;10.5;5906;910810112;620855296;53376;62941;217493715;215154114;spark par bytes
166;29/07/2016;09:33:50;11.6;5906;910810112;620945408;53652;63239;217592775;215252050;spark par bytes
167;29/07/2016;09:33:51;11.3;5906;910810112;620945408;53958;63568;217690522;215348275;spark par bytes
168;29/07/2016;09:33:52;13.1;5906;910810112;621043712;54239;63869;217790080;215446899;spark par bytes
169;29/07/2016;09:33:53;10.6;5907;910810112;621043712;54543;64191;217886176;215541799;spark par bytes
170;29/07/2016;09:33:54;11.8;5907;910810112;621043712;54822;64487;217985036;215639905;spark par bytes
171;29/07/2016;09:33:55;21.8;5909;910810112;621043712;55493;65181;218182335;215835708;spark par bytes
172;29/07/2016;09:33:56;13.6;5909;910810112;621088768;55784;65495;218285276;215937591;spark par bytes
173;29/07/2016;09:33:57;10.0;5908;910810112;621551616;56092;65825;218381856;216032595;spark par bytes
174;29/07/2016;09:33:58;11.4;5908;910810112;621551616;56372;66127;218481554;216131153;spark par bytes
175;29/07/2016;09:33:59;11.2;5908;910810112;621551616;56678;66452;218577966;216226209;spark par bytes
176;29/07/2016;09:34:00;11.8;5908;910810112;621551616;56961;66753;218678773;216326167;spark par bytes
177;29/07/2016;09:34:01;11.1;5908;910810112;621604864;57267;67080;218775593;216421599;spark par bytes
178;29/07/2016;09:34:02;10.8;5908;910810112;621608960;57564;67393;218880435;216525715;spark par bytes
179;29/07/2016;09:34:03;11.8;5908;910810112;621608960;57896;67742;218992442;216636617;spark par bytes
180;29/07/2016;09:34:04;23.3;5910;910810112;621608960;58569;68434;219200722;216843710;spark par bytes
181;29/07/2016;09:34:05;10.9;5910;910810112;621608960;58910;68795;219315803;216957452;spark par bytes
182;29/07/2016;09:34:06;17.1;5912;911768576;621649920;59233;69141;219429731;217069936;spark par bytes
183;29/07/2016;09:34:07;39.8;5935;925596672;621752320;59836;69790;219809665;217217990;spark par bytes
184;29/07/2016;09:34:08;23.5;5941;925596672;624291840;60335;70444;220328572;217346130;spark par bytes
185;29/07/2016;09:34:09;17.1;5941;925596672;625266688;60822;71081;220833776;217469072;spark par bytes
186;29/07/2016;09:34:10;19.5;5944;925596672;626147328;61355;71847;221529352;217595989;spark par bytes
187;29/07/2016;09:34:11;19.6;5949;925596672;633106432;61852;72484;222033624;217720027;spark par bytes
188;29/07/2016;09:34:12;25.0;5951;925596672;635379712;62661;73398;222525282;217941477;spark par bytes
189;29/07/2016;09:34:13;13.3;5951;925596672;635379712;63168;74050;223044274;218064642;spark par bytes
190;29/07/2016;09:34:14;50.9;5662;925756416;642351104;63605;74603;223465017;218190108;spark par bytes
191;29/07/2016;09:34:15;8.1;3742;925756416;644915200;63733;74860;223796639;218203934;spark par bytes
192;29/07/2016;09:34:16;2.8;3744;925756416;645410816;63872;75082;224079078;218214520;spark par bytes
193;29/07/2016;09:34:17;8.0;3749;925756416;651300864;64007;75325;224396551;218224531;spark par bytes
194;29/07/2016;09:34:18;4.3;3750;926190592;652484608;64053;75398;224464173;218231360;spark par bytes
195;29/07/2016;09:34:19;18.6;3775;952982528;652484608;64081;75431;224472186;218238321;spark par bytes
196;29/07/2016;09:34:20;26.3;3811;990387200;652484608;64107;75463;224483398;218243648;spark par bytes
197;29/07/2016;09:34:21;25.5;3844;1026067456;652615680;64110;75469;224483952;218244022;spark par bytes
198;29/07/2016;09:34:22;25.4;3876;1059695616;652636160;64119;75483;224485444;218245337;spark par bytes
199;29/07/2016;09:34:23;25.5;3882;1059855360;652795904;64131;75503;224486954;218246305;spark par bytes
200;29/07/2016;09:34:25;25.5;3896;1059855360;652795904;64140;75518;224489616;218248667;spark par bytes
201;29/07/2016;09:34:26;25.7;3905;1059855360;652795904;64146;75530;224490998;218249625;spark par bytes
202;29/07/2016;09:34:27;25.4;3955;1059855360;691593216;64155;75542;224493416;218251987;spark par bytes
203;29/07/2016;09:34:28;22.4;3970;1062157312;744792064;64158;75551;224494450;218252361;spark par bytes
204;29/07/2016;09:34:29;20.9;3992;1068190720;744792064;64170;75569;224496313;218253922;spark par bytes
205;29/07/2016;09:34:30;19.9;3997;1070672896;744792064;64173;75576;224496959;218254296;spark par bytes
206;29/07/2016;09:34:31;24.0;4001;1073187840;744792064;64179;75587;224497899;218255028;spark par bytes
207;29/07/2016;09:34:32;23.3;4006;1075551232;745181184;64185;75597;224499097;218255986;spark par bytes
208;29/07/2016;09:34:33;34.5;4008;1076427776;746524672;64191;75606;224499885;218256718;spark par bytes
209;29/07/2016;09:34:34;26.1;4013;1079143424;746524672;64194;75613;224500499;218257092;spark par bytes
210;29/07/2016;09:34:35;25.7;4041;1079966720;746524672;64203;75626;224501931;218258408;spark par bytes
211;29/07/2016;09:34:36;25.5;4061;1079966720;746524672;64206;75634;224502605;218258782;spark par bytes
212;29/07/2016;09:34:37;25.1;4087;1079966720;746528768;64212;75644;224503453;218259514;spark par bytes
213;29/07/2016;09:34:38;25.6;4116;1079966720;746528768;64218;75654;224504651;218260472;spark par bytes
214;29/07/2016;09:34:39;25.9;4137;1079966720;747343872;64224;75664;224505499;218261204;spark par bytes
215;29/07/2016;09:34:40;25.4;4195;1080093696;747343872;64240;75682;224508419;218263990;spark par bytes
216;29/07/2016;09:34:41;25.5;4212;1081240576;747343872;64251;75698;224510043;218265438;spark par bytes
217;29/07/2016;09:34:42;25.1;4218;1082149888;747347968;64257;75709;224512347;218267442;spark par bytes
218;29/07/2016;09:34:43;25.5;4219;1083108352;747347968;64263;75719;224513195;218268174;spark par bytes
219;29/07/2016;09:34:44;25.6;4222;1084165120;747347968;64269;75730;224514453;218269132;spark par bytes
220;29/07/2016;09:34:45;25.7;4224;1085238272;747438080;64275;75740;224515301;218269864;spark par bytes
221;29/07/2016;09:34:46;25.7;4226;1085975552;747442176;64278;75749;224516227;218270238;spark par bytes
222;29/07/2016;09:34:47;25.5;4229;1087212544;747454464;64287;75764;224517819;218271554;spark par bytes
223;29/07/2016;09:34:48;25.7;4229;1087327232;747454464;64290;75771;224518497;218271928;spark par bytes
224;29/07/2016;09:34:49;25.1;4245;1090001920;751108096;64296;75780;224519285;218272660;spark par bytes
225;29/07/2016;09:34:50;25.1;4256;1097055232;751108096;64305;75792;224520579;218273774;spark par bytes
226;29/07/2016;09:34:51;26.8;4269;1105353728;751202304;64311;75803;224521487;218274506;spark par bytes
227;29/07/2016;09:34:52;24.7;4281;1112939520;752545792;64314;75811;224522161;218274880;spark par bytes
228;29/07/2016;09:34:53;24.9;4281;1112939520;763981824;64323;75828;224524016;218276196;spark par bytes
229;29/07/2016;09:34:54;13.8;4258;1112939520;769978368;64326;75837;224524750;218276570;spark par bytes
230;29/07/2016;09:34:55;23.7;4033;1118354432;770379776;64335;75853;224527448;218278932;spark par bytes
231;29/07/2016;09:34:56;1.0;4033;1118354432;770379776;64341;75864;224528738;218279890;spark par bytes
232;29/07/2016;09:34:57;0.5;4033;1118354432;770396160;64350;75877;224531248;218282251;spark par bytes
233;29/07/2016;09:34:58;0.5;4033;1118354432;770396160;64353;75882;224531742;218282625;spark par bytes
234;29/07/2016;09:34:59;0.5;4033;1118354432;770396160;64362;75894;224533114;218283940;spark par bytes
235;29/07/2016;09:35:00;1.5;4033;1118354432;770510848;64365;75900;224533668;218284314;spark par bytes
236;29/07/2016;09:35:01;0.7;4033;1118354432;770510848;64371;75911;224534576;218285045;spark par bytes
237;29/07/2016;09:35:02;0.5;4033;1118354432;770543616;64377;75923;224535894;218286003;spark par bytes
238;29/07/2016;09:35:03;0.5;4033;1118354432;770543616;64383;75933;224536742;218286734;spark par bytes
239;29/07/2016;09:35:04;1.0;4033;1118354432;770543616;64386;75940;224537356;218287108;spark par bytes
240;29/07/2016;09:35:05;0.3;4033;1118354432;770543616;64395;75952;224538728;218288423;spark par bytes
241;29/07/2016;09:35:06;16.6;4034;1118551040;772022272;64398;75959;224539342;218288797;spark par bytes
242;29/07/2016;09:35:07;25.3;4041;1123757056;772448256;64404;75968;224540130;218289529;spark par bytes
243;29/07/2016;09:35:08;26.6;4047;1128610816;773525504;64410;75981;224541798;218290487;spark par bytes
244;29/07/2016;09:35:09;20.6;4051;1132071936;773525504;64416;75995;224543150;218291219;spark par bytes
245;29/07/2016;09:35:10;25.3;4054;1134087168;773525504;64422;76006;224545486;218293223;spark par bytes
246;29/07/2016;09:35:11;26.5;4061;1138039808;774209536;64431;76021;224547038;218294539;spark par bytes
247;29/07/2016;09:35:12;32.3;4067;1142287360;774213632;64437;76032;224549342;218296543;spark par bytes
248;29/07/2016;09:35:13;26.3;4080;1150991360;774213632;64443;76047;224551108;218297275;spark par bytes
249;29/07/2016;09:35:14;25.9;4094;1161432064;774213632;64449;76059;224552490;218298233;spark par bytes
250;29/07/2016;09:35:15;24.6;4105;1170217984;774213632;64455;76068;224553278;218298965;spark par bytes
251;29/07/2016;09:35:16;25.9;4115;1177316352;774213632;64458;76074;224553832;218299339;spark par bytes
252;29/07/2016;09:35:17;26.5;4123;1183017984;774234112;64467;76085;224555144;218300655;spark par bytes
253;29/07/2016;09:35:18;25.6;4132;1190976512;774234112;64470;76093;224556031;218301029;spark par bytes
254;29/07/2016;09:35:19;25.4;4139;1196731392;774234112;64476;76104;224556965;218301761;spark par bytes
255;29/07/2016;09:35:20;25.2;4147;1203686400;774234112;64482;76114;224558163;218302719;spark par bytes
256;29/07/2016;09:35:21;25.7;4154;1209183232;774234112;64488;76131;224559511;218303451;spark par bytes
257;29/07/2016;09:35:22;25.5;4161;1214598144;774246400;64491;76140;224560309;218303825;spark par bytes
258;29/07/2016;09:35:23;26.1;4169;1219927040;774246400;64500;76159;224562192;218305141;spark par bytes
259;29/07/2016;09:35:24;26.0;4176;1225186304;774246400;64503;76169;224563021;218305515;spark par bytes
260;29/07/2016;09:35:25;25.5;4185;1229831168;774246400;64512;76181;224565465;218307877;spark par bytes
261;29/07/2016;09:35:26;26.8;4192;1236327424;774299648;64520;76197;224567101;218308967;spark par bytes
262;29/07/2016;09:35:27;26.2;4202;1245068288;789307392;64529;76211;224569953;218311329;spark par bytes
263;29/07/2016;09:35:28;25.5;4214;1254468608;789540864;64532;76221;224571113;218311703;spark par bytes
264;29/07/2016;09:35:29;25.5;4222;1260780544;789540864;64541;76235;224572631;218313019;spark par bytes
265;29/07/2016;09:35:30;33.3;4248;1268849664;789540864;64544;76243;224573305;218313393;spark par bytes
266;29/07/2016;09:35:31;50.1;4261;1274649600;789630976;64551;76255;224574273;218314167;spark par bytes
267;29/07/2016;09:35:32;50.1;4290;1280637952;789635072;64557;76266;224575813;218315125;spark par bytes
268;29/07/2016;09:35:33;50.3;4308;1291111424;789635072;64563;76278;224577068;218315857;spark par bytes
269;29/07/2016;09:35:34;50.1;4277;1302248448;789635072;64566;76291;224578144;218316231;spark par bytes
270;29/07/2016;09:35:35;47.8;4303;1305652224;789635072;64575;76307;224579852;218317547;spark par bytes
271;29/07/2016;09:35:36;31.2;4305;1312173056;789790720;64578;76320;224581141;218317921;spark par bytes
272;29/07/2016;09:35:37;25.7;4329;1323707392;789790720;64584;76331;224582331;218318653;spark par bytes
273;29/07/2016;09:35:38;50.8;4355;1331948544;789790720;64590;76341;224583529;218319611;spark par bytes
274;29/07/2016;09:35:39;50.7;4343;1338719232;789790720;64596;76357;224584737;218320343;spark par bytes
275;29/07/2016;09:35:40;26.8;4351;1343843328;789864448;64611;76380;224587957;218323083;spark par bytes
276;29/07/2016;09:35:41;26.4;4358;1347755008;789917696;64620;76396;224589569;218324399;spark par bytes
277;29/07/2016;09:35:42;25.1;4368;1354107904;789917696;64626;76406;224592011;218326403;spark par bytes
278;29/07/2016;09:35:43;25.3;4376;1358896128;789917696;64632;76414;224592739;218327135;spark par bytes
279;29/07/2016;09:35:44;25.0;4389;1368374272;789917696;64638;76427;224594157;218328093;spark par bytes
280;29/07/2016;09:35:45;25.4;4403;1379585024;789917696;64644;76438;224595129;218328825;spark par bytes
281;29/07/2016;09:35:46;25.9;4414;1385016320;789929984;64647;76449;224596009;218329199;spark par bytes
282;29/07/2016;09:35:47;25.4;4425;1390726144;789929984;64656;76463;224597501;218330515;spark par bytes
283;29/07/2016;09:35:48;25.3;4405;1397722112;808656896;64659;76470;224598115;218330889;spark par bytes
284;29/07/2016;09:35:49;27.0;4409;1397836800;808898560;64665;76481;224599023;218331621;spark par bytes
285;29/07/2016;09:35:50;23.8;4420;1399655424;812470272;64674;76495;224600719;218332735;spark par bytes
286;29/07/2016;09:35:51;22.1;4421;1399733248;813989888;64680;76506;224601627;218333467;spark par bytes
287;29/07/2016;09:35:52;23.3;4421;1399790592;815321088;64683;76516;224602461;218333841;spark par bytes
288;29/07/2016;09:35:53;24.4;4422;1399839744;816672768;64692;76529;224603925;218335157;spark par bytes
289;29/07/2016;09:35:54;26.2;4422;1399884800;817967104;64695;76538;224604691;218335531;spark par bytes
290;29/07/2016;09:35:55;26.4;4428;1400196096;819658752;64704;76550;224607109;218337893;spark par bytes
291;29/07/2016;09:35:56;48.5;4430;1400830976;820486144;64710;76561;224608367;218338851;spark par bytes
292;29/07/2016;09:35:57;47.6;4438;1401506816;821559296;64719;76575;224610905;218341213;spark par bytes
293;29/07/2016;09:35:58;47.1;4443;1407196160;822476800;64722;76582;224611519;218341587;spark par bytes
294;29/07/2016;09:35:59;24.4;4444;1407409152;823996416;64731;76595;224612951;218342903;spark par bytes
295;29/07/2016;09:36:00;1.8;4441;1407413248;824049664;64734;76601;224613505;218343277;spark par bytes
296;29/07/2016;09:36:01;0.5;4441;1407413248;824049664;64740;76612;224614413;218344008;spark par bytes
297;29/07/2016;09:36:02;1.0;4441;1407413248;826167296;64746;76621;224615551;218344966;spark par bytes
298;29/07/2016;09:36:03;0.5;4441;1407413248;826990592;64752;76629;224616279;218345697;spark par bytes
299;29/07/2016;09:36:04;0.5;4441;1407413248;826990592;64755;76637;224616953;218346071;spark par bytes
300;29/07/2016;09:36:05;1.8;4441;1407413248;827097088;64764;76650;224618385;218347386;spark par bytes
301;29/07/2016;09:36:06;0.5;4441;1407413248;827097088;64767;76659;224619119;218347760;spark par bytes
302;29/07/2016;09:36:07;0.0;4441;1407413248;827113472;64773;76671;224620087;218348491;spark par bytes
303;29/07/2016;09:36:08;1.5;4429;1407556608;827113472;64779;76682;224621345;218349449;spark par bytes
304;29/07/2016;09:36:09;0.3;4429;1407556608;827113472;64785;76693;224622253;218350180;spark par bytes
305;29/07/2016;09:36:10;0.7;4429;1407556608;827113472;64791;76704;224624597;218352184;spark par bytes
306;29/07/2016;09:36:11;0.3;4428;1407556608;827113472;64802;76720;224626285;218353631;spark par bytes
307;29/07/2016;09:36:12;1.5;4428;1407556608;827133952;64808;76730;224628529;218355635;spark par bytes
308;29/07/2016;09:36:13;0.5;4428;1407556608;827133952;64814;76740;224629673;218356366;spark par bytes
309;29/07/2016;09:36:14;0.5;4428;1407556608;827133952;64820;76750;224630871;218357324;spark par bytes
310;29/07/2016;09:36:15;0.3;4428;1407556608;827133952;64826;76759;224631659;218358055;spark par bytes
311;29/07/2016;09:36:16;0.3;4428;1407556608;827133952;64829;76767;224632333;218358429;spark par bytes
312;29/07/2016;09:36:17;0.5;4428;1407556608;827133952;64838;76782;224633885;218359744;spark par bytes
313;29/07/2016;09:36:18;0.7;4428;1407556608;827133952;64841;76797;224635341;218360118;spark par bytes
314;29/07/2016;09:36:19;1.0;4428;1407556608;827146240;64847;76809;224636373;218360849;spark par bytes
315;29/07/2016;09:36:20;0.3;4428;1407556608;827146240;64853;76819;224637635;218361807;spark par bytes
316;29/07/2016;09:36:21;0.0;4428;1407556608;827146240;64859;76827;224638363;218362538;spark par bytes
317;29/07/2016;09:36:22;0.8;4428;1407556608;827351040;64862;76834;224638977;218362912;spark par bytes
318;29/07/2016;09:36:23;0.3;4428;1407556608;827351040;64871;76849;224640569;218364227;spark par bytes
319;29/07/2016;09:36:24;0.0;4428;1407556608;827351040;64874;76858;224641335;218364601;spark par bytes
320;29/07/2016;09:36:25;0.5;4428;1407556608;827351040;64883;76871;224643845;218366962;spark par bytes
321;29/07/2016;09:36:26;0.5;4430;1407556608;827351040;64905;76895;224647980;218370982;spark par bytes
322;29/07/2016;09:36:27;1.5;4430;1407556608;827351040;64921;76921;224654886;218374587;spark par bytes
323;29/07/2016;09:36:28;1.5;4430;1407556608;827392000;64924;76928;224655500;218374961;spark par bytes
324;29/07/2016;09:36:29;1.0;4430;1407556608;827392000;64933;76941;224656932;218376276;spark par bytes
325;29/07/2016;09:36:30;0.0;4430;1407556608;827392000;64936;76947;224657486;218376650;spark par bytes
326;29/07/2016;09:36:31;0.7;4430;1407556608;827392000;64942;76957;224658334;218377381;spark par bytes
327;29/07/2016;09:36:32;0.7;4430;1407556608;827392000;64949;76970;224659750;218378405;spark par bytes
328;29/07/2016;09:36:33;0.0;4430;1407556608;827392000;64955;76981;224660690;218379136;spark par bytes
329;29/07/2016;09:36:34;1.3;4430;1407556608;827392000;64958;76989;224661396;218379510;spark par bytes
330;29/07/2016;09:36:35;0.5;4430;1407556608;827392000;64967;77003;224663071;218380825;spark par bytes
331;29/07/2016;09:36:36;2.5;4430;1407556608;827449344;64970;77010;224663685;218381199;spark par bytes
332;29/07/2016;09:36:37;0.0;4430;1407556608;827449344;64976;77022;224664653;218381930;spark par bytes
333;29/07/2016;09:36:38;0.5;4430;1407556608;827449344;64982;77033;224665911;218382888;spark par bytes
334;29/07/2016;09:36:39;0.0;4430;1407556608;827449344;64988;77044;224666991;218383619;spark par bytes
335;29/07/2016;09:36:40;1.0;4430;1407556608;827449344;65003;77061;224669679;218386359;spark par bytes
336;29/07/2016;09:36:41;1.0;4430;1407556608;827498496;65015;77080;224672961;218389304;spark par bytes
337;29/07/2016;09:36:42;0.2;4430;1407556608;827498496;65018;77091;224673879;218389678;spark par bytes
338;29/07/2016;09:36:43;0.7;4430;1407556608;827498496;65024;77101;224674727;218390409;spark par bytes
339;29/07/2016;09:36:44;0.5;4430;1407556608;827498496;65030;77111;224675925;218391367;spark par bytes
340;29/07/2016;09:36:45;0.0;4430;1407556608;827498496;65036;77121;224676773;218392098;spark par bytes
341;29/07/2016;09:36:46;0.7;4432;1407556608;827498496;65039;77128;224677387;218392472;spark par bytes
342;29/07/2016;09:36:47;0.0;4432;1407556608;827498496;65048;77139;224678699;218393787;spark par bytes
343;29/07/2016;09:36:48;2.5;4432;1407556608;827514880;65052;77144;224679193;218394207;spark par bytes
344;29/07/2016;09:36:49;3.0;4432;1407556608;827514880;65061;77157;224680237;218395094;spark par bytes
